મહેમાનનું નામ,મોબાઈલ નંબર,ગામ / શહેર,આમંત્રણ પ્રકાર,માંડવ મુહૂર્ત (૨૫મી),રાસ-ગરબા (૨૫મી),પીઠી / હળદર (૨૬મી),જાન પ્રસ્થાન (૨૬મી),લગ્ન સમારોહ (૨૬મી),સ્ટેટસ
રમેશભાઈ ગોવિંદભાઈ ઝાલાવડીયા,9825012345,સુરત,સપરિવાર,હા,હા,હા,હા,હા,Pending
હિતેશભાઈ વલ્લભભાઈ પટેલ,9426023456,રાજકોટ,બે વ્યક્તિ,ના,હા,ના,હા,હા,Pending
દિનેશભાઈ બાબુભાઈ કાકડિયા,9879034567,અમરેલી,સપરિવાર,હા,હા,ના,ના,હા,Pending
અલ્પેશભાઈ કેશવજીભાઈ મોરડીયા,9712045678,અમદાવાદ,૧ વ્યક્તિ,ના,ના,ના,ના,હા,Pending
પ્રવીણભાઈ નરશીભાઈ ઝાલાવડીયા,9898056789,મહુવા,સપરિવાર,હા,હા,હા,હા,હા,Pending
વિપુલભાઈ મનસુખભાઈ ધોળકિયા,9904067890,ભાવનગર,બે વ્યક્તિ,ના,હા,ના,ના,હા,Pending
જગદીશભાઈ રણછોડભાઈ સાવલિયા,9824078901,જુનાગઢ,સપરિવાર,ના,હા,ના,હા,હા,Pending
ભરતભાઈ હરિકૃષ્ણભાઈ પટેલ,9427089012,વડોદરા,૧ વ્યક્તિ,ના,ના,ના,ના,હા,Pending
કાંતિભાઈ શામજીભાઈ ઝાલાવડીયા,9825123456,અમદાવાદ,સપરિવાર,હા,હા,હા,હા,હા,Pending
મનસુખભાઈ રામજીભાઈ પટેલ,9428345678,સુરત,બે વ્યક્તિ,ના,હા,ના,હા,હા,Pending
ઘનશ્યામભાઈ હરજીભાઈ ઝાલાવડીયા,9879512345,મહુવા,સપરિવાર,હા,હા,હા,હા,હા,Pending
જીગ્નેશભાઈ રમેશભાઈ પટેલ,9913045678,સુરત,બે વ્યક્તિ,ના,હા,ના,હા,હા,Pending
ચંદુભાઈ ભવાનભાઈ ઝાલાવડીયા,9824012389,અમરેલી,સપરિવાર,હા,હા,ના,હા,હા,Pending
ભાવેશભાઈ નાનજીભાઈ પટેલ,9723056789,રાજકોટ,૧ વ્યક્તિ,ના,ના,ના,ના,હા,Pending
નરેશભાઈ પ્રભુદાસ ઝાલાવડીયા,9898123456,અમદાવાદ,સપરિવાર,હા,હા,હા,હા,હા,Pending
